strain,insertion: 16bp @ ref pos 0,insertion: 1bp @ ref pos 61,insertion: 26bp @ ref pos 10769
ZKC2/2016,AGTTGTTGATCTGTGT,T,TGTGGGGAAATCCATGGGTCT
SMGC_1,TCTGTGT,T,TGTGGGGA
EcEs062_16,AGTAGTTGATCTGTGT,T,TGTGGGGAAATCCATGGGAGATCGGA
VEN/UF_1/2016,AGTTGTTACTGTTGCT,T,TGTGGGGAAATCCATGGGTCTT
PRVABC59,GTTGTTGATCTGTGT,T,
USA/2016/FLUR022,GTGT,T,TGTGGGGAAATC
1_0087_PF,,T,
1_0181_PF,,T,
1_0199_PF,,T,
PAN/CDC_259359_V1_V3/2015,,T,TGTGGGGAAATCCATGGGTCT
COL/FLR_00024/2015,,T,
COL/FLR_00008/2015,,T,
Colombia/2016/ZC204Se,,T,
HND/2016/HU_ME59,,T,
Nica1_16,,T,
USA/2016/FL022,,T,
BRA/2016/FC_6706,,T,
DOM/2016/BB_0433,,T,
DOM/2016/BB_0183,,T,
DOM/2016/MA_WGS16_011,,T,
Aedes_aegypti/USA/2016/FL05,,T,
SG_027,,T,
SG_074,,T,
SG_056,,T,
Thailand/1610acTw,,T,
